﻿ID Venta,Fecha,Producto,Ruta,Tienda,Precio unitario ,No. de productos vendidos,Devoluciones,Total Venta
1,19/11/2023,Pan Blanco,Lincoln,Smart,48,7,1,288
2,29/11/2023,Galletas,Lincoln,Smart,20,18,0,360
3,04/12/2023,Rol de canela ,Lincoln,Smart,50,10,1,450
4,15/11/2023,Pan Blanco,Garcia,Smart,48,16,0,768
5,03/12/2023,Mantecadas,Fresnos,Smart,28,5,3,56
6,23/11/2023,Rol de canela ,Fresnos,Smart,50,2,0,100
7,28/11/2023,Pan Integral,Lincoln,Smart,52,7,0,364
8,15/11/2023,Pan Integral,Escobedo ,Smart,52,1,0,52
9,10/12/2023,Rol de canela ,Santa Catarina,Smart,50,8,2,300
10,11/11/2023,Nito ,Solidaridad,Smart,20,13,3,200
11,27/12/2023,Mantecadas,Pablo Livas,Smart,28,12,0,336
12,11/11/2023,Panque,Pesqueria,Smart,38,12,0,456
13,11/12/2023,Nito ,Solidaridad,Smart,20,16,0,320
14,03/12/2023,Panque,Juarez,Bodega Aurrera,38,14,6,304
15,07/12/2023,Pingúinos,Mitras,Soriana,25,6,0,150
16,24/12/2023,Pan Blanco,Escobedo ,Soriana,48,8,2,288
17,16/11/2023,Galletas,San Nicolas,Soriana,20,3,1,40
18,23/12/2023,Cuernitos,Santa Catarina,Soriana,18,13,0,234
19,26/12/2023,Pan Blanco,Santa Catarina,Soriana,48,9,0,432
20,21/12/2023,Mantecadas,Lincoln,Soriana,28,8,0,224
21,24/12/2023,Pan Blanco,Lincoln,Soriana,48,8,5,144
22,04/12/2023,Nito ,Escobedo ,Soriana,20,7,2,100
23,12/11/2023,Pan Integral,Santa Catarina,Soriana,52,10,1,468
24,08/12/2023,Panque,Escobedo ,Soriana,38,4,1,114
25,17/11/2023,Nito ,Santa Catarina,HEB,20,18,0,360
26,18/11/2023,Galletas,Lincoln,HEB,20,12,2,200
27,11/11/2023,Pingúinos,Lincoln,HEB,25,19,7,300
28,16/11/2023,Nito ,Mitras,HEB,20,15,2,260
29,12/11/2023,Panque,San Nicolas,HEB,38,13,4,342
30,02/12/2023,Pan Blanco,Mitras,HEB,48,11,3,384
31,15/12/2023,Conchas,Sendero ,HEB,22,8,2,132
32,05/12/2023,Mantecadas,Lincoln,HEB,28,18,0,504
33,24/11/2023,Pingúinos,Sendero ,HEB,25,4,0,100
34,11/11/2023,Galletas,San Nicolas,HEB,20,10,0,200
35,25/12/2023,Mantecadas,San Nicolas,HEB,28,15,2,364
36,09/12/2023,Rol de canela ,Cavazos,WalMart,50,7,6,50
37,22/12/2023,Mantecadas,Escobedo ,WalMart,28,8,3,140
38,10/12/2023,Conchas,Saltillo,WalMart,22,7,2,110
39,25/11/2023,Galletas,Escobedo ,WalMart,20,5,0,100
40,20/11/2023,Conchas,Cavazos,WalMart,22,25,4,462
41,18/11/2023,Conchas,Cumbres,WalMart,22,15,3,264
42,06/12/2023,Pan Blanco,San Nicolas,WalMart,48,5,1,192
43,14/11/2023,Conchas,San Nicolas,WalMart,22,2,0,44
44,10/11/2023,Pingúinos,Cumbres,WalMart,25,1,0,25
45,05/12/2023,Panque,Escobedo ,WalMart,38,15,4,418
46,10/11/2023,Pan Integral,Cumbres,WalMart,52,7,3,208
47,11/12/2023,Mantecadas,Santa Catarina,WalMart,28,15,0,420
48,12/11/2023,Panque,Santa Catarina,WalMart,38,12,0,456
49,18/12/2023,Pingúinos,San Nicolas,SorianaHiper,25,8,1,175
50,02/12/2023,Pingúinos,Escobedo ,SorianaHiper,25,5,0,125
51,09/12/2023,Panque,Cumbres,SorianaHiper,38,12,0,456
52,11/12/2023,Pingúinos,Santa Catarina,SorianaHiper,25,18,3,375
53,22/11/2023,Pan Blanco,Escobedo ,SorianaHiper,48,2,0,96
54,08/12/2023,Panque,Centro,SorianaHiper,38,20,8,456
55,17/11/2023,Nito ,San Agustin,SorianaHiper,20,16,3,260
56,19/12/2023,Galletas,La fe,SorianaHiper,20,10,5,100
57,12/12/2023,Nito ,Mitras,SorianaHiper,20,8,2,120
58,30/11/2023,Nito ,Lincoln,SorianaHiper,20,6,2,80
59,26/12/2023,Conchas,Escobedo ,SorianaHiper,22,11,4,154
60,26/11/2023,Pingúinos,Cumbres,Carniceria Ramos,25,4,0,100
61,12/11/2023,Nito ,Centro,Carniceria Ramos,20,23,3,400
62,13/11/2023,Galletas,Cumbres,Carniceria Ramos,20,4,0,80
63,20/11/2023,Mantecadas,Valle Verde,Carniceria Ramos,28,12,0,336
64,14/11/2023,Conchas,Santa Catarina,Carniceria Ramos,22,12,1,242
65,06/12/2023,Pan Integral,Mitras,Carniceria Ramos,52,12,2,520
66,20/12/2023,Galletas,Santa Catarina,Carniceria Ramos,20,10,2,160
67,16/12/2023,Galletas,San Pedro,Carniceria Ramos,20,9,4,100
68,01/12/2023,Galletas,San Nicolas,Carniceria Ramos,20,12,4,160
69,21/11/2023,Cuernitos,San Pedro,Carniceria Ramos,18,17,0,306
70,27/11/2023,Pingúinos,Mitras,Carniceria Ramos,25,26,0,650
71,27/12/2023,Conchas,Cumbres,Carniceria Ramos,22,20,4,352
72,07/12/2023,Panque,Lincoln,Carniceria Ramos,38,18,6,456
73,13/11/2023,Nito ,San Jeronimo,Soriana Super,20,13,5,160
74,17/12/2023,Cuernitos,San Nicolas,Soriana Super,18,11,5,108
75,13/12/2023,Cuernitos,San Pedro,Soriana Super,18,16,5,198
76,21/11/2023,Pan Blanco,Insurgentes,Soriana Super,48,7,0,336
77,23/12/2023,Conchas,Vista Hermosa,Soriana Super,22,17,3,308
78,14/12/2023,Pingúinos,Mitras,Soriana Super,25,7,0,175
79,25/12/2023,Pan Blanco,Cumbres,Soriana Super,48,5,0,240
80,19/11/2023,Cuernitos,Cumbres,Soriana Super,18,12,2,180
81,20/11/2023,Mantecadas,Cumbres,Soriana Super,28,12,0,336
82,14/11/2023,Conchas,Lincoln,Soriana Super,22,12,1,242
83,06/12/2023,Pan Integral,Cumbres,Costco,52,12,2,520
84,20/12/2023,Galletas,San Pedro,Costco,20,10,2,160
85,16/12/2023,Galletas,Cumbres,Costco,20,9,4,100
86,01/12/2023,Galletas,Cumbres,Costco,20,6,4,40
87,21/11/2023,Cuernitos,Cumbres,Costco,18,16,0,288
88,27/11/2023,Pingúinos,Cumbres,Costco,25,4,0,100
89,27/12/2023,Conchas,Cumbres,Costco,22,20,4,352
90,07/12/2023,Panque,Cumbres,Costco,38,18,6,456
